gene_identifier,baseMean,log2FoldChange,lfcSE,stat,pvalue,padj,symbol,direction,fdr_sig,significant
ENSMUSG00000021647,76.5946948441107,3.3966363649981273,0.3922563295854313,8.659226400726208,4.749766204603265e-18,5.315267780963089e-16,Cartpt,dorsolateral,True,True
ENSMUSG00000024517,13.506327029907434,3.0618774280948604,0.297337030656367,10.297665989788799,7.219160540409915e-25,1.6349679776280742e-22,Grp,dorsolateral,True,True
ENSMUSG00000035258,884.4162257827917,2.9226350500824725,0.2249946147399082,12.9898000157071,1.3979185900240108e-38,1.477444625367599e-35,Abi3bp,dorsolateral,True,True
ENSMUSG00000005716,0.5146378407169492,2.0501333208827117,0.4242751232728073,4.832084674369381,1.3511076400807178e-06,1.8679848651813647e-05,Pvalb,dorsolateral,True,True
ENSMUSG00000026787,28.777428014518996,1.7971859433715112,0.31808664636656225,5.649988655293748,1.6045842624460442e-08,3.3216116440449997e-07,Gad2,dorsolateral,True,True
ENSMUSG00000045903,118.15570627748522,1.7289479891049238,0.4289005310914686,4.0311164565478315,5.551252770982356e-05,0.0004937215180699782,Npas4,dorsolateral,True,True
ENSMUSG00000021250,259.2705087628104,1.4773002814300074,0.3629198802962819,4.070596188403797,4.6892973722349344e-05,0.0004267187410602381,Fos,dorsolateral,True,True
ENSMUSG00000022602,230.00049585275787,1.2429183458463986,0.35491259726294283,3.502040658549976,0.0004617091548510415,0.003064743531711868,Arc,dorsolateral,True,True
ENSMUSG00000030500,61.35819100754136,1.191208116482888,0.3772946681417746,3.157235490100465,0.0015927266339219183,0.00876191599625067,Slc17a6,dorsolateral,True,True
ENSMUSG00000045731,1.613665187067523,1.1330694601610856,0.6693204127171435,1.6928655373908692,0.09048106443758797,0.21827438116417366,Pnoc,dorsolateral,False,False
ENSMUSG00000019865,7.501293518818125,1.068233452184791,0.16645275610729435,6.417637515693731,1.3840532192630352e-10,4.2883108213778476e-09,Nmbr,dorsolateral,True,True
ENSMUSG00000038418,1018.5547594924008,1.0314684403037917,0.19411415523081232,5.3137208828347395,1.0740909884383886e-07,1.875968309509819e-06,Egr1,dorsolateral,True,True
ENSMUSG00000027971,1560.6737680040687,0.9517717163860787,0.2903696063808616,3.2777938719167903,0.00104621764290066,0.006152471232934205,Ndst4,dorsolateral,True,False
ENSMUSG00000070687,7.631148230751542,0.8817848599010066,0.2530853216130996,3.484140661658056,0.0004937199382033741,0.0032388027946141343,Htr1d,dorsolateral,True,False
ENSMUSG00000035274,121.56301175485169,0.8740276967427816,0.35247759189136746,2.4796688267552462,0.013150445898437307,0.04900569691907372,Tpbg,dorsolateral,True,False
ENSMUSG00000061762,92.83287043203215,0.84472327887518,0.6238213671240883,1.3541108454964972,0.17570101659629878,0.34724040512445337,Tac1,dorsolateral,False,False
ENSMUSG00000021303,154.8285116191425,0.7981649575478459,0.12539648420022453,6.365130271701962,1.9512405400143963e-10,5.920318984566806e-09,Gng4,dorsolateral,True,False
ENSMUSG00000032181,85.62740428412256,0.669162441355083,0.3657569896470039,1.829527419287049,0.06732063558947464,0.17505573694015386,Scg3,dorsolateral,False,False
ENSMUSG00000031561,1716.4005714558516,0.5916019467449036,0.33067805040063974,1.7890571993760584,0.07360560417228679,0.1871772508720203,Tenm3,dorsolateral,False,False
ENSMUSG00000041380,589.2119708260874,0.5901430431094176,0.29927258867709766,1.971924811818154,0.04861819038839368,0.13637753670728417,Htr2c,dorsolateral,False,False
ENSMUSG00000038676,2.1464288477593527,0.5593856387876973,0.31414356481025024,1.78066878156673,0.07496657600911964,0.18963252922155877,Ucn,dorsolateral,False,False
ENSMUSG00000032532,2471.4752985242176,0.5219601510441372,0.19227053259244756,2.714717351673056,0.00663323568450689,0.0282053365359989,Cck,dorsolateral,True,False
ENSMUSG00000031309,404.471594033023,0.5055315784194828,0.04726118178126076,10.69654967070519,1.0563880584304506e-26,3.044958549027408e-24,Rps6ka3,dorsolateral,True,False
ENSMUSG00000030226,1391.9837215288462,0.5011344064618638,0.16823910835248812,2.978703414261482,0.0028947081941052915,0.014281361173407435,Lmo3,dorsolateral,True,False
ENSMUSG00000020660,18.529081775123096,0.4671971595606184,0.128720683257515,3.629542259544698,0.00028392424840699095,0.002032119978064182,Pomc,dorsolateral,True,False
ENSMUSG00000104252,0.6574754986352339,0.4265143936532206,0.37265356439654185,1.144533245895282,0.2524025584072289,0.4434936982672137,Pcdha4,dorsolateral,False,False
ENSMUSG00000067879,947.4213994177968,0.3885474114925086,0.21610123420836216,1.7979879333677287,0.07217891998534227,0.18461034872292975,Vxn,dorsolateral,False,False
ENSMUSG00000033717,95.91893579047165,0.35473049583143107,0.14431594408535334,2.458013202073025,0.013970803813543408,0.05132665378053492,Adra2a,dorsolateral,False,False
ENSMUSG00000032224,1197.7382234062197,0.2977505282622527,0.05817357113216032,5.118312705709863,3.0828116850264895e-07,4.862969278270642e-06,Fam81a,dorsolateral,True,False
ENSMUSG00000029153,600.0718173136468,0.24895498197928534,0.09798952230437649,2.540628590942384,0.011065339494717157,0.04260750260175229,Ociad2,dorsolateral,True,False
ENSMUSG00000049511,22.81484650474625,0.2401482984508966,0.3813449219439295,0.6297403862800263,0.5288644545389557,0.7070356558783621,Htr1b,dorsolateral,False,False
ENSMUSG00000031129,387.06412561522376,0.23912190626491697,0.12783441527323405,1.8705597061152612,0.06140613402584193,0.16345183905241595,Slc9a9,dorsolateral,False,False
ENSMUSG00000026826,333.47570118089334,0.23653752590923005,0.5626674468088075,0.4203860153111092,0.6742034825931862,0.8129070257860802,Nr4a2,dorsolateral,False,False
ENSMUSG00000004366,17.840592494056473,0.22290762934719363,0.33163194684314246,0.6721536675494837,0.5014858736341778,0.6863836078618966,Sst,dorsolateral,False,False
ENSMUSG00000044005,50.698489796790454,0.1930786565309604,0.09938954591818543,1.9426455242073157,0.052059002443308786,0.1435943834248958,Gls2,dorsolateral,False,False
ENSMUSG00000024406,1.4392684408152598,0.18949270393152207,0.26042085685911365,0.7276402751183507,0.4668338195156978,0.6563481326189221,Pou5f1,dorsolateral,False,False
ENSMUSG00000033161,580.076176543238,0.18792790199816004,0.060640558672073935,3.0990463497280443,0.0019414464504505437,0.010299832265646888,Atp1a1,dorsolateral,True,False
ENSMUSG00000034799,446.5996445312505,0.17178669543533848,0.09642610326701082,1.7815372561478373,0.07482472418063973,0.18947885823061594,Unc13a,dorsolateral,False,False
ENSMUSG00000028412,177.75609692317065,0.16323132429852352,0.06027637161932188,2.7080482768508074,0.006768017657395788,0.028688673777695517,Slc44a1,dorsolateral,True,False
ENSMUSG00000019772,14.336108891035812,0.16300954160166103,0.18768722008906968,0.8685170014468887,0.38511136914601896,0.5820137484807827,Vip,dorsolateral,False,False
ENSMUSG00000034656,726.930771063861,0.15857999332179348,0.058616391387787806,2.705386489466361,0.006822496049286338,0.028880989061331394,Cacna1a,dorsolateral,True,False
ENSMUSG00000040118,2151.378669309476,0.15449577949626184,0.08515056510987294,1.8143834899616953,0.06961870577166238,0.17956294803554051,Cacna2d1,dorsolateral,False,False
ENSMUSG00000026228,2.664899452837705,0.12949245692166708,0.22197957736748936,0.5833530203875064,0.5596556768319167,0.7293688177524328,Htr2b,dorsolateral,False,False
ENSMUSG00000025889,2027.8330375386442,0.10076968671302998,0.04020582656984441,2.5063453561382643,0.01219864059435823,0.04603749369234882,Snca,dorsolateral,True,False
ENSMUSG00000070880,22.875223078229766,0.0919842978239276,0.1131398056306112,0.8130144586269313,0.41620976850152014,0.6104367154400524,Gad1,dorsolateral,False,False
ENSMUSG00000032269,0.420343539298773,0.08474244448943478,0.4439601524114311,0.19087849220058253,0.8486207910874771,0.9197191519600506,Htr3a,dorsolateral,False,False
ENSMUSG00000053819,1406.9841034654642,0.07757449453456056,0.14508152245613914,0.5346958952544268,0.5928601603547172,0.7537454796068214,Camk2d,dorsolateral,False,False
ENSMUSG00000034891,2169.2775986942866,0.06680544823128953,0.0669133848385547,0.9983869205312869,0.3180917734921084,0.5155581420387462,Sncb,dorsolateral,False,False
ENSMUSG00000017412,911.3136243850779,0.02810172037388739,0.09047015585098961,0.31061867982379515,0.7560905247513101,0.8651383582741642,Cacnb4,dorsolateral,False,False
ENSMUSG00000025576,1325.562326650751,0.024336488134717657,0.03722697546406747,0.6537326181174167,0.5132840847390099,0.6950027123913742,Rbfox3,dorsolateral,False,False
ENSMUSG00000035864,6838.793935021395,0.020565742588287746,0.09242575602683388,0.2225109479474197,0.8239161516501832,0.9049235534318506,Syt1,dorsolateral,False,False
ENSMUSG00000062115,156.07671092971873,0.018978042269741296,0.07236038773168538,0.2622711522789579,0.7931124009198609,0.8878527901082401,Rai1,dorsolateral,False,False
ENSMUSG00000039197,101.30372663883325,0.01674051741721323,0.07958145707989689,0.210357010684114,0.8333890424465826,0.9110225443402556,Adk,dorsolateral,False,False
ENSMUSG00000031393,262.6181362277453,0.01634189952316601,0.06187033655046916,0.26413141473435364,0.7916786577320292,0.8872920221924192,Mecp2,dorsolateral,False,False
ENSMUSG00000048388,1115.2294722911197,-6.102756129727438e-05,0.03342290919630526,-0.0018259200878905145,0.9985431273621441,0.9992112532262489,Fam171b,ventromedial,False,False
ENSMUSG00000003814,798.0781683941224,-0.0016067725217581055,0.06695274329382127,-0.023998606221507676,0.9808537204620663,0.9909591703701726,Calr,ventromedial,False,False
ENSMUSG00000022892,2156.1292143878964,-0.0034860229434201446,0.02705915735770934,-0.12882969330258737,0.8974924094519849,0.9463332308047813,App,ventromedial,False,False
ENSMUSG00000038467,499.04641723448765,-0.029750193966496034,0.056860099556274385,-0.5232174090207545,0.600822967902394,0.7600782112897422,Chmp4b,ventromedial,False,False
ENSMUSG00000030659,65.06173234834729,-0.03200152836308682,0.11346154171412892,-0.28204736053839286,0.7779071953575062,0.8793693317773604,Nucb2,ventromedial,False,False
ENSMUSG00000039106,15.647305509148172,-0.03519765929855085,0.10131403911368364,-0.3474114703793011,0.7282822172518064,0.8479613746862332,Htr5a,ventromedial,False,False
ENSMUSG00000029104,249.14733999613426,-0.07079598384961608,0.06987041446187005,-1.0132469428566384,0.31094222328748866,0.5082801903953587,Htt,ventromedial,False,False
ENSMUSG00000024462,1143.2755553401691,-0.0712990774832756,0.04616723859717623,-1.5443652176250484,0.12249988132279951,0.27129659397962025,Gabbr1,ventromedial,False,False
ENSMUSG00000029819,23.355953873095697,-0.07491873016055438,0.1991071985352571,-0.3762733377381536,0.7067136987217466,0.8347005279991624,Npy,ventromedial,False,False
ENSMUSG00000019894,123.42142160261733,-0.08635289852622363,0.13912888415092683,-0.6206683756088212,0.5348178410718492,0.7112957640206138,Slc6a15,ventromedial,False,False
ENSMUSG00000010803,821.1342707356546,-0.08730450742268726,0.18486760337604305,-0.4722542285848718,0.636745336718912,0.7870130555239561,Gabra1,ventromedial,False,False
ENSMUSG00000049112,64.8694122917457,-0.0884041819977018,0.4824428198100297,-0.18324281835619916,0.8546074989217803,0.9224950669250993,Oxtr,ventromedial,False,False
ENSMUSG00000030898,105.10717546392368,-0.10620086144777588,0.2816193344114717,-0.37710784903925193,0.7060934584076941,0.8344133113718448,Cckbr,ventromedial,False,False
ENSMUSG00000007653,276.8112883022815,-0.12710699399917802,0.12753423895977298,-0.9966499587555486,0.31893444725533115,0.516375227624291,Gabrb2,ventromedial,False,False
ENSMUSG00000025867,1799.5904939334257,-0.13964363524437345,0.08691088823466984,-1.6067450014699982,0.10811031745765212,0.24752565643451363,Cplx2,ventromedial,False,False
ENSMUSG00000031285,57.22810730085886,-0.14203309269793213,0.19534244725417854,-0.7270979487275463,0.46716595525754534,0.6566246217900801,Dcx,ventromedial,False,False
ENSMUSG00000070570,2800.253289486652,-0.1493439749146772,0.08211959865804984,-1.818615499286024,0.06897011151859486,0.17829696990484423,Slc17a7,ventromedial,False,False
ENSMUSG00000000326,320.83047547531464,-0.16468871331170562,0.08654809318021203,-1.902857789931752,0.05705910404612926,0.15432078410201353,Comt,ventromedial,False,False
ENSMUSG00000002769,2.169073774728283,-0.16728164713361415,0.25207084678693176,-0.6636294885580819,0.50692747889932,0.6903878125817697,Gnmt,ventromedial,False,False
ENSMUSG00000050822,37.252229697738414,-0.17764556038809157,0.17411714701963946,-1.0202645944345397,0.3076029900895908,0.5047299709732944,Slc29a4,ventromedial,False,False
ENSMUSG00000062372,14.129278829942177,-0.18341470295552137,0.19494396786656357,-0.9408585706076639,0.34677734096609314,0.5440900729516664,Otof,ventromedial,False,False
ENSMUSG00000027931,0.14866807573803903,-0.18446189852616396,0.6458001260717993,-0.28563311012060055,0.7751591412721981,0.8778799561592033,Npr1,ventromedial,False,False
ENSMUSG00000022765,43.32391870584834,-0.18990345803353775,0.08015336909343337,-2.3692511017493305,0.017824147606061082,0.062229140036282986,Snap29,ventromedial,False,False
ENSMUSG00000023064,0.3110810796924503,-0.20257886634003178,0.5635995980958036,-0.3594375635193345,0.7192677780557886,0.8422454480931028,Sncg,ventromedial,False,False
ENSMUSG00000037771,2.6303542412940923,-0.203362224494143,0.21016183258202253,-0.9676458469916238,0.3332212719093117,0.5299892548117002,Slc32a1,ventromedial,False,False
ENSMUSG00000059456,1237.521010917274,-0.21089539074559593,0.05321354800075982,-3.9631898016381957,7.395493813738126e-05,0.000634032781940307,Ptk2b,ventromedial,True,False
ENSMUSG00000023826,447.4461664488666,-0.24591852120934288,0.08146949481136706,-3.0185349961815526,0.0025400006344586516,0.012827441483923915,Prkn,ventromedial,True,False
ENSMUSG00000032274,1.6210274073194295,-0.26251146922477864,0.26758860685334585,-0.981026331097311,0.32657975692687713,0.5236727322805892,Cyp19a1,ventromedial,False,False
ENSMUSG00000018411,1229.0699742003396,-0.328444497077183,0.04113901781180879,-7.983770992775242,1.4192922839407854e-15,1.0975860329142074e-13,Mapt,ventromedial,True,False
ENSMUSG00000020848,144.8038209903205,-0.3431596421932531,0.27123754651911763,-1.2651627571371877,0.2058129899478094,0.3870871300807836,Doc2b,ventromedial,False,False
ENSMUSG00000037727,2.6412218668938428,-0.380468553713001,0.6275548085546777,-0.6062714340270272,0.5443345243513087,0.7179948252483025,Avp,ventromedial,False,False
ENSMUSG00000028747,4.731827682507741,-0.5401849654807064,0.5068701504398162,-1.0657265278138446,0.2865472821787445,0.48211975726884937,Htr6,ventromedial,False,False
ENSMUSG00000052301,96.06800052141388,-0.7048943290026287,0.19066113103349996,-3.697105567252592,0.00021807167366154364,0.0016211783977089513,Doc2a,ventromedial,True,False
ENSMUSG00000021609,3.3129924436903266,-0.7495030798250262,0.17104011866380753,-4.382030869016362,1.1757814489778702e-05,0.0001268750214711004,Slc6a3,ventromedial,True,False
ENSMUSG00000027400,11.432310134685096,-0.8068132461939788,0.25200092511760214,-3.2016281123470494,0.0013665329400875592,0.0076959510515765914,Pdyn,ventromedial,True,False
ENSMUSG00000034997,96.34377173306565,-0.811648846967044,0.30937883853360204,-2.6234788740371124,0.008703684263973745,0.035028324399796175,Htr2a,ventromedial,True,False
ENSMUSG00000052684,165.02362442054033,-0.9243147135508295,0.2723881068950827,-3.3933739768853166,0.000690373162869413,0.004303295888082475,Jun,ventromedial,True,False
ENSMUSG00000018634,25.897709654257277,-0.9262763915009344,0.35218768210749685,-2.630064702882512,0.008536861864490096,0.03448094694481095,Crhr1,ventromedial,True,False
ENSMUSG00000024798,8.088840759942384,-1.2102686876953583,0.41439834934674147,-2.920544180745963,0.0034942064909799842,0.01667263212550871,Htr7,ventromedial,True,True
ENSMUSG00000028222,243.997829054893,-1.245999644775942,0.2580462406826341,-4.828590571518427,1.3750279153643492e-06,1.8969203090566626e-05,Calb1,ventromedial,True,True
ENSMUSG00000021721,19.084030172351902,-1.2626175318751331,0.18604024306374226,-6.786797905023846,1.1464962941821433e-11,4.5063936984547717e-10,Htr1a,ventromedial,True,True
ENSMUSG00000042453,194.02782743667592,-1.2924193581661418,0.5168964337023282,-2.5003448929005847,0.01240724509002203,0.04676747188281734,Reln,ventromedial,True,True
ENSMUSG00000048776,0.7737729076581312,-1.3285145287396416,0.4069789449441673,-3.26433233277436,0.001097223828978427,0.006416718758833567,Pthlh,ventromedial,True,True
ENSMUSG00000026322,27.646421574007547,-1.3376381272392721,0.4489208072879262,-2.979675046296853,0.0028855431023695364,0.014258330384280017,Htr4,ventromedial,True,True
ENSMUSG00000045573,84.65614808562027,-1.4293501488426679,0.39603840069920143,-3.609120091180971,0.00030723736374750713,0.0021720117457943422,Penk,ventromedial,True,True
ENSMUSG00000032259,1.1872316780686745,-1.537366808401744,0.5522729992884078,-2.7837080762278963,0.005374137926677457,0.023814954557911005,Drd2,ventromedial,True,True
ENSMUSG00000000440,32.69016703026044,-1.5905199884012693,0.34775817914900026,-4.5736379006050525,4.793279445189691e-06,5.741751769182211e-05,Pparg,ventromedial,True,True
ENSMUSG00000039358,2.275505477034012,-1.59489917492544,0.5122719216200738,-3.1133839424216894,0.0018495523637345774,0.009911516666953972,Drd5,ventromedial,True,True
ENSMUSG00000050783,145.48960936324573,-1.6077095431599935,0.22625468681641744,-7.1057513361678355,1.1966970925762532e-12,5.7489811841340007e-11,Htr1f,ventromedial,True,True
ENSMUSG00000028778,0.5760574330991493,-1.7080687679666433,0.30629324342480996,-5.576579975672714,2.4529316954140213e-08,4.938050007783739e-07,Hcrtr1,ventromedial,True,True
ENSMUSG00000019890,6.9173925110630705,-1.7674057476921814,0.2626893116328841,-6.728122041608536,1.718667485361764e-11,6.538459919108009e-10,Nts,ventromedial,True,True
ENSMUSG00000021803,48.77601782644711,-1.9622004891889842,0.11540874730340396,-17.002181680652463,7.911972909105296e-65,3.762934315570479e-61,Cdhr1,ventromedial,True,True
ENSMUSG00000046719,45.40795276009355,-2.1664888976755114,0.5140503985857312,-4.2145457014254095,2.5028147021909226e-05,0.00024619207287735324,Nxph3,ventromedial,True,True
ENSMUSG00000003657,39.32807632613087,-3.049201752425866,0.6120333096495679,-4.982084642046278,6.290290726824947e-07,9.385607120558258e-06,Calb2,ventromedial,True,True
